"CID"	"CAS"	"Name"	"RT"	"Match"	"RTV"	"MatchV"	"Siloxane"	"Cont"	"SampC"	"SampFC"	"AmbiC"	"BlankC"	"SampMax"	"SampFMax"	"SampMean"	"SampFMean"	"SampMedianPos"	"SampFMedianPos"	"SampP"	"SampFP"	"AmbiP"	"BlankP"	"AmbiT"	"BlankT"	"AmbiRatio"	"AmbiFT"	"BlankFT"	"AmbiFRatio"	"Candidate"	"Real"	"AmbiTadj"	"BlankTadj"	"AmbiFTadj"	"BlankFTadj"	"FReal"	"Compound"	"Class"	"Characteristics"	"Functional.group"	"Species"	"Family"	"Order"	"IUPAC.Name"	"InChI"	"InChI.Key"	"Canonical.SMILES"	"Molecular.Weight"	"Hydrogen.Bond.Donor.Count"	"Hydrogen.Bond.Acceptor.Count"	"Rotatable.Bond.Count"	"Complexity"	"Topological.Polar.Surface.Area"	"Monoisotopic.Mass"	"Exact.Mass"	"XLogP3"	"Formal.Charge"	"Heavy.Atom.Count"	"Defined.Atom.Stereocenter.Count"	"Undefined.Atom.Stereocenter.Count"	"Defined.Bond.Stereocenter.Count"	"Undefined.Bond.Stereocenter.Count"	"Isotope.Atom.Count"	"Kovats.Retention.Index.Standard.non.polar"	"Kovats.Retention.Index.Semi.standard.non.polar"	"Kovats.Retention.Index.Standard.polar"	"XLogP3.AA"	"pKa"	"Kovats.Retention.Index"	"Isomeric.SMILES"	"Kovats.Retention.Index.Semi.standard.non.polar.1"	"Kovats.Retention.Index.Standard.non.polar.1"	"Kovats.Retention.Index.Standard.polar.1"
7505	"100-47-0"	"benzonitrile"	7.53	80.5	0.794	213	"FALSE"	"FALSE"	7	7	0	0	127091	127091	2393	2393	16439	16439	0.059	0.059	0	0	0.0384	0.0384	"Inf"	0.0384	0.0384	"Inf"	"TRUE"	"TRUE"	0.066	0.068	0.043	0.045	"TRUE"	"benzonitrile"	"Benzenoids"	"C6-C2"	"N-compounds"	3	3	3	"benzonitrile"	"InChI=1S/C7H5N/c8-6-7-4-2-1-3-5-7/h1-5H"	"JFDZBHWFFUWGJE-UHFFFAOYSA-N"	"C1=CC=C(C=C1)C#N"	103.124	0	1	0	103	23.8	103.042	103.042	1.6	0	8	0	0	0	0	0	"NA"	"NA"	"NA"	"NA"	"NA"	"NA"	"NA"	"NA"	"NA"	"NA"
240	"100-52-7"	"benzaldehyde"	6.9962	95	0.07269389082092	19.5850064766839	"FALSE"	"FALSE"	127	127	14	38	7931601.19764	7931601.19764	709403.583514477	709403.583514477	404912.530044	404912.530044	0.9921875	0.9921875	0.875	0.974358974358974	0.016877472869511	8.4767111763649E-11	1.86952940216838	0.016877472869511	8.4767111763649E-11	1.86952940216838	"TRUE"	"TRUE"	1	1	1	1	"FALSE"	"benzaldehyde"	"Benzenoids"	"C6-C1"	"Aldehydes"	276	58	26	"benzaldehyde"	"InChI=1S/C7H6O/c8-6-7-4-2-1-3-5-7/h1-6H"	"HUMNYLRZRPPJDN-UHFFFAOYSA-N"	"C1=CC=C(C=C1)C=O"	106.124	0	1	1	72.5	17.1	106.042	106.042	1.5	0	8	0	0	0	0	0	"NA"	"NA"	"NA"	"NA"	"NA"	"NA"	"NA"	"NA"	"NA"	"NA"
7519	"100-66-3"	"anisole"	6.17	90.5	0.008	83	"FALSE"	"FALSE"	23	23	0	0	593309	593309	24042	24042	78291	78291	0.195	0.195	0	0	0.000294	0.000294	"Inf"	0.000294	0.000294	"Inf"	"TRUE"	"TRUE"	0.001	0.002	0.001	0.001	"TRUE"	"methoxybenzene"	"Benzenoids"	"C6-C0"	"Ethers"	16	7	7	"anisole"	"InChI=1S/C7H8O/c1-8-7-5-3-2-4-6-7/h2-6H,1H3"	"RDOXTESZEPMUJZ-UHFFFAOYSA-N"	"COC1=CC=CC=C1"	108.14	0	1	1	55.4	9.2	108.058	108.058	2.1	0	8	0	0	0	0	0	"NA"	"NA"	"NA"	"NA"	"NA"	"NA"	"NA"	"NA"	"NA"	"NA"
7593	"102-04-5"	"1,3-diphenylpropan-2-one"	11.26	76	0.023	10	"FALSE"	"FALSE"	9	9	0	0	280206	280206	11722	11722	145022	145022	0.076	0.076	0	0	0.00502	0.00502	"Inf"	0.00502	0.00502	"Inf"	"TRUE"	"TRUE"	0.015	0.016	0.009	0.009	"TRUE"		"Benzenoids"	"C6-C3-C6"	"Ketones"				"1,3-diphenylpropan-2-one"	"InChI=1S/C15H14O/c16-15(11-13-7-3-1-4-8-13)12-14-9-5-2-6-10-14/h1-10H,11-12H2"	"YFKBXYGUSOXJGS-UHFFFAOYSA-N"	"C1=CC=C(C=C1)CC(=O)CC2=CC=CC=C2"	210.276	0	1	4	188	17.1	210.104	210.104	"NA"	0	16	0	0	0	0	0	"NA"	173.6	"NA"	3.1	"NA"	"NA"	"NA"	"NA"	"NA"	"NA"
7671	"103-70-8"	"N-phenylformamide"	11.52	86	1.377	14	"FALSE"	"FALSE"	10	10	0	0	1097016	1097016	37462	37462	386241	386241	0.085	0.085	0	0	0.00323	0.00323	"Inf"	0.00323	0.00323	"Inf"	"TRUE"	"TRUE"	0.011	0.012	0.007	0.007	"TRUE"		"Benzenoids"	"C6-C1"	"N-compounds"				"~{N}-phenylformamide"	"InChI=1S/C7H7NO/c9-6-8-7-4-2-1-3-5-7/h1-6H,(H,8,9)"	"DYDNPESBYVVLBO-UHFFFAOYSA-N"	"C1=CC=C(C=C1)NC=O"	121.139	1	1	1	86.9	29.1	121.053	121.053	1.2	0	9	0	0	0	0	0	"NA"	"NA"	"NA"	"NA"	"NA"	"NA"	"NA"	"NA"	"NA"	"NA"
246728	"106-68-3"	"octan-3-one"	7.46	92	0.079	11	"FALSE"	"FALSE"	110	110	1	1	18403108	18403108	1096588	1096588	489848	489848	0.932	0.932	0.063	0.026	3.66E-08	3.69E-08	1142.63	3.66E-08	3.69E-08	1142.63	"TRUE"	"TRUE"	0	0	0	0	"TRUE"	"3-octanone"	"Aliphatics"	"C8"	"Ketones"	15	7	7	"octan-3-one"	"InChI=1S/C8H16O/c1-3-5-6-7-8(9)4-2/h3-7H2,1-2H3"	"RHLVCLIPMVJYKS-UHFFFAOYSA-N"	"CCCCCC(=O)CC"	128.215	0	1	5	76.6	17.1	128.12	128.12	"NA"	0	9	0	0	0	0	0	"NA"	"NA"	"NA"	2.3	"NA"	"NA"	"NA"	"NA"	"NA"	"NA"
7824	"106-70-7"	"methyl hexanoate"	6.29	78	0.022	54	"FALSE"	"FALSE"	11	11	0	0	198174	198174	5574	5574	33096	33096	0.093	0.093	0	0	0.00639	0.00639	"Inf"	0.00639	0.00639	"Inf"	"TRUE"	"TRUE"	0.017	0.017	0.01	0.01	"TRUE"	"methyl hexanoate"	"Aliphatics"	"C6"	"Esters"	14	7	7	"methyl hexanoate"	"InChI=1S/C7H14O2/c1-3-4-5-6-7(8)9-2/h3-6H2,1-2H3"	"NUKZAGXMHTUAFE-UHFFFAOYSA-N"	"CCCCCC(=O)OC"	130.187	0	2	5	79	26.3	130.099	130.099	2.5	0	9	0	0	0	0	0	"NA"	"NA"	"NA"	"NA"	"NA"	"NA"	"NA"	"NA"	"NA"	"NA"
8065	"110-64-5"	"but-2-ene-1,4-diol"	7.23	81	2.015	42	"FALSE"	"FALSE"	13	13	0	0	224370	224370	8073	8073	58343	58343	0.11	0.11	0	0	0.00262	0.00262	"Inf"	0.00262	0.00262	"Inf"	"TRUE"	"TRUE"	0.01	0.01	0.006	0.006	"TRUE"		"Aliphatics"	"C4"	"Alcohols"				"but-2-ene-1,4-diol"	"InChI=1S/C4H8O2/c5-3-1-2-4-6/h1-2,5-6H,3-4H2"	"ORTVZLZNOYNASJ-UHFFFAOYSA-N"	"C(C=CCO)O"	88.106	2	2	2	34.8	40.5	88.052	88.052	-0.8	0	6	0	0	0	1	0	"NA"	"NA"	"NA"	"NA"	"NA"	"NA"	"NA"	"NA"	"NA"	"NA"
8093	"111-13-7"	"octan-2-one"	7.64	84	0.005	62	"FALSE"	"FALSE"	7	7	0	0	315023	315023	5204	5204	51302	51302	0.059	0.059	0	0	0.0375	0.0375	"Inf"	0.0375	0.0375	"Inf"	"TRUE"	"TRUE"	0.066	0.068	0.042	0.044	"TRUE"	"2-octanone"	"Aliphatics"	"C8"	"Ketones"	4	3	3	"octan-2-one"	"InChI=1S/C8H16O/c1-3-4-5-6-7-8(2)9/h3-7H2,1-2H3"	"ZPVFWPFBNIEHGJ-UHFFFAOYSA-N"	"CCCCCCC(=O)C"	128.215	0	1	5	76.6	17.1	128.12	128.12	2.4	0	9	0	0	0	0	0	"NA"	"NA"	"NA"	"NA"	"NA"	"NA"	"NA"	"NA"	"NA"	"NA"
8103	"111-27-3"	"hexan-1-ol"	5.28	87	0.045	24	"FALSE"	"FALSE"	11	11	0	0	3032676	3032676	64998	64998	452851	452851	0.093	0.093	0	0	0.0147	0.0147	"Inf"	0.0147	0.0147	"Inf"	"TRUE"	"TRUE"	0.031	0.032	0.019	0.02	"TRUE"	"hexanol"	"Aliphatics"	"C6"	"Alcohols"	110	33	19	"hexan-1-ol"	"InChI=1S/C6H14O/c1-2-3-4-5-6-7/h7H,2-6H2,1H3"	"ZSIAUFGUXNUGDI-UHFFFAOYSA-N"	"CCCCCCO"	102.177	1	1	4	27.4	20.2	102.104	102.104	2	0	7	0	0	0	0	0	"NA"	"NA"	"NA"	"NA"	"NA"	"NA"	"NA"	"NA"	"NA"	"NA"
62374	"1125-21-9"	"4-oxoisophorone"	10.2	90	0.087	50	"FALSE"	"FALSE"	60	60	0	0	2726044	2726044	216513	216513	215095	215095	0.508	0.508	0	0	9.89E-07	9.89E-07	"Inf"	9.89E-07	9.89E-07	"Inf"	"TRUE"	"TRUE"	0	0	0	0	"TRUE"	"4-oxoisophorone"	"Irregular terpenes"	"Apocarotenoid"	"Ketones"	14	8	6	"2,6,6-trimethylcyclohex-2-ene-1,4-dione"	"InChI=1S/C9H12O2/c1-6-4-7(10)5-9(2,3)8(6)11/h4H,5H2,1-3H3"	"AYJXHIDNNLJQDT-UHFFFAOYSA-N"	"CC1=CC(=O)CC(C1=O)(C)C"	152.193	0	2	0	246	34.1	152.084	152.084	"NA"	0	11	0	0	0	0	0	"NA"	"NA"	"NA"	1	"NA"	"NA"	"NA"	"NA"	"NA"	"NA"
8314	"116-53-0"	"2-methylbutanoic acid"	5.1	83	0.003	48	"FALSE"	"FALSE"	6	6	0	0	1514486	1514486	28237	28237	284457	284457	0.051	0.051	0	0	0.0424	0.0424	"Inf"	0.0424	0.0424	"Inf"	"TRUE"	"TRUE"	0.067	0.069	0.045	0.047	"TRUE"	"2-methylbutanoic acid"	"Aliphatics"	"C5"	"Acids"	3	1	1	"2-methylbutanoic acid"	"InChI=1S/C5H10O2/c1-3-4(2)5(6)7/h4H,3H2,1-2H3,(H,6,7)"	"WLAMNBDJUVNPJU-UHFFFAOYSA-N"	"CCC(C)C(=O)O"	102.133	1	2	2	68.5	37.3	102.068	102.068	1.2	0	7	0	1	0	0	0	"NA"	"NA"	"NA"	"NA"	"NA"	"NA"	"NA"	"NA"	"NA"	"NA"
798	"120-72-9"	"indole"	12.56	92	0.025	25	"FALSE"	"FALSE"	59	59	2	4	4622732	4622732	335621	335621	223344	223344	0.5	0.5	0.125	0.103	3.79E-05	5.47E-06	10.03	3.79E-05	5.47E-06	10.03	"TRUE"	"TRUE"	0	0	0	0	"TRUE"	"indole"	"Benzenoids"	"C6-C2"	"N-compounds"	127	31	22	"1~{H}-indole"	"InChI=1S/C8H7N/c1-2-4-8-7(3-1)5-6-9-8/h1-6,9H"	"SIKJAQJRHWYJAI-UHFFFAOYSA-N"	"C1=CC=C2C(=C1)C=CN2"	117.151	1	0	0	101	15.8	117.058	117.058	2.1	0	9	0	0	0	0	0	"NA"	"NA"	"NA"	"NA"	"NA"	"NA"	"NA"	"NA"	"NA"	"NA"
8452	"120-92-3"	"cyclopentanone"	3.91	92	34.456	221	"FALSE"	"FALSE"	5	5	0	0	135880	135880	2748	2748	32877	32877	0.042	0.042	0	0	0.0387	0.0387	"Inf"	0.0387	0.0387	"Inf"	"TRUE"	"TRUE"	0.066	0.068	0.043	0.045	"TRUE"		"Aliphatics"	"C5"	"Ketones"				"cyclopentanone"	"InChI=1S/C5H8O/c6-5-3-1-2-4-5/h1-4H2"	"BGTOWKSIORTVQH-UHFFFAOYSA-N"	"C1CCC(=O)C1"	84.118	0	1	0	58.3	17.1	84.058	84.058	0.4	0	6	0	0	0	0	0	"NA"	"NA"	"NA"	"NA"	"NA"	"NA"	"NA"	"NA"	"NA"	"NA"
998	"122-78-1"	"2-phenylacetaldehyde"	8.5	92	0.115	41	"FALSE"	"FALSE"	82	82	6	3	31402062	31402062	676682	676682	118562	118562	0.695	0.695	0.375	0.077	0.0122	0.00983	21.76	0.0122	0.00983	21.76	"TRUE"	"TRUE"	0.028	0.025	0.017	0.015	"TRUE"	"phenylacetaldehyde"	"Benzenoids"	"C6-C2"	"Aldehydes"	74	29	18	"2-phenylacetaldehyde"	"InChI=1S/C8H8O/c9-7-6-8-4-2-1-3-5-8/h1-5,7H,6H2"	"DTUQWGWMVIHBKE-UHFFFAOYSA-N"	"C1=CC=C(C=C1)CC=O"	120.151	0	1	2	82.6	17.1	120.058	120.058	1.8	0	9	0	0	0	0	0	"NA"	"NA"	"NA"	"NA"	"NA"	"NA"	"NA"	"NA"	"NA"	"NA"
31253	"123-35-3"	"β-mercene"	7.51	84	0.069	77	"FALSE"	"FALSE"	18	18	0	0	356710	356710	16796	16796	79409	79409	0.153	0.153	0	0	0.000206	0.000206	"Inf"	0.000206	0.000206	"Inf"	"TRUE"	"TRUE"	0.001	0.001	0.001	0.001	"TRUE"	"myrcene"	"Monoterpenes"	"Acyclic"	"Hydrocarbons"	311	63	32	"7-methyl-3-methylideneocta-1,6-diene"	"InChI=1S/C10H16/c1-5-10(4)8-6-7-9(2)3/h5,7H,1,4,6,8H2,2-3H3"	"UAHWPYUMFXYFJY-UHFFFAOYSA-N"	"CC(=CCCC(=C)C=C)C"	136.238	0	0	4	145	0	136.125	136.125	"NA"	0	10	0	0	0	0	0	"NA"	"NA"	"NA"	4.3	"NA"	"NA"	"NA"	"NA"	"NA"	"NA"
31265	"123-66-0"	"ethyl hexanoate"	7.73	82.5	0.004	86	"FALSE"	"FALSE"	6	6	0	0	241559	241559	3570	3570	37861	37861	0.051	0.051	0	0	0.0506	0.0506	"Inf"	0.0506	0.0506	"Inf"	"TRUE"	"TRUE"	0.074	0.077	0.053	0.055	"TRUE"	"ethyl hexanoate"	"Aliphatics"	"C6"	"Esters"	12	4	3	"ethyl hexanoate"	"InChI=1S/C8H16O2/c1-3-5-6-7-8(9)10-4-2/h3-7H2,1-2H3"	"SHZIWNPUGXLXDT-UHFFFAOYSA-N"	"CCCCCC(=O)OCC"	144.214	0	2	6	89.3	26.3	144.115	144.115	"NA"	0	10	0	0	0	0	0	"NA"	"NA"	"NA"	2.4	"NA"	"NA"	"NA"	"NA"	"NA"	"NA"
14918	"13129-23-2"	"methyl furan-3-carboxylate"	6.28	92	0.002	13	"FALSE"	"FALSE"	17	17	0	0	250537	250537	6452	6452	27393	27393	0.144	0.144	0	0	0.00521	0.00521	"Inf"	0.00521	0.00521	"Inf"	"TRUE"	"TRUE"	0.015	0.016	0.009	0.009	"TRUE"		"Aliphatics"	"C5"	"Furans"				"methyl furan-3-carboxylate"	"InChI=1S/C6H6O3/c1-8-6(7)5-2-3-9-4-5/h2-4H,1H3"	"ZKHQSQYLKSSYIP-UHFFFAOYSA-N"	"COC(=O)C1=COC=C1"	126.111	0	3	2	111	39.4	126.032	126.032	1.3	0	9	0	0	0	0	0	"NA"	934.4	"NA"	"NA"	"NA"	"NA"	"NA"	"NA"	"NA"	"NA"
8635	"134-20-3"	"methyl 2-aminobenzoate"	13.25	94	0.199	36	"FALSE"	"FALSE"	32	32	1	3	1906216	1906216	142563	142563	374124	374124	0.271	0.271	0.063	0.077	1.49E-05	3.75E-05	33.36	1.49E-05	3.75E-05	33.36	"TRUE"	"TRUE"	0	0	0	0	"TRUE"	"methyl 2-aminobenzoate"	"Benzenoids"	"C6-C1"	"N-compounds"	51	19	14	"methyl 2-aminobenzoate"	"InChI=1S/C8H9NO2/c1-11-8(10)6-4-2-3-5-7(6)9/h2-5H,9H2,1H3"	"VAMXMNNIEUEQDV-UHFFFAOYSA-N"	"COC(=O)C1=CC=CC=C1N"	151.165	1	3	2	147	52.3	151.063	151.063	1.9	0	11	0	0	0	0	0	"NA"	"NA"	"NA"	"NA"	"NA"	"NA"	"NA"	"NA"	"NA"	"NA"
5362819	"13894-62-7"	"methyl (Z)-hex-3-enoate"	6.42	83	0.054	86	"FALSE"	"FALSE"	8	8	0	0	948868	948868	23383	23383	261617	261617	0.068	0.068	0	0	0.0126	0.0126	"Inf"	0.0126	0.0126	"Inf"	"TRUE"	"TRUE"	0.028	0.029	0.017	0.017	"TRUE"		"Aliphatics"	"C6"	"Esters"				"methyl (~{Z})-hex-3-enoate"	"InChI=1S/C7H12O2/c1-3-4-5-6-7(8)9-2/h4-5H,3,6H2,1-2H3/b5-4-"	"XEAIHUDTEINXFG-PLNGDYQASA-N"	"CCC=CCC(=O)OC"	128.171	0	2	4	106	26.3	128.084	128.084	"NA"	0	9	0	0	1	0	0	"NA"	933	"NA"	1.5	"NA"	"NA"	"CC/C=C\CC(=O)OC"	"NA"	"NA"	"NA"
8794	"140-29-4"	"2-phenylacetonitrile"	10.08	90.5	0	13	"FALSE"	"FALSE"	10	10	0	0	467765	467765	9854	9854	80643	80643	0.085	0.085	0	0	0.0135	0.0135	"Inf"	0.0135	0.0135	"Inf"	"TRUE"	"TRUE"	0.029	0.031	0.018	0.018	"TRUE"	"2-phenylacetonitrile"	"Benzenoids"	"C6-C2"	"N-compounds"	60	18	13	"2-phenylacetonitrile"	"InChI=1S/C8H7N/c9-7-6-8-4-2-1-3-5-8/h1-5H,6H2"	"SUSQOBVLVYHIEX-UHFFFAOYSA-N"	"C1=CC=C(C=C1)CC#N"	117.151	0	1	1	114	23.8	117.058	117.058	1.6	0	9	0	0	0	0	0	"NA"	"NA"	"NA"	"NA"	"NA"	"NA"	"NA"	"NA"	"NA"	"NA"
15715949	"141891-14-7"	"4-hydroxy-2,6,6-trimethyl-3-oxocyclohexene-1-carbaldehyde"	13.33	81	0.03	109	"FALSE"	"FALSE"	31	31	1	0	809028	809028	46404	46404	147961	147961	0.263	0.263	0.063	0	0.000112	8.63E-05	59.73	0.000112	8.63E-05	59.73	"TRUE"	"TRUE"	0.001	0.001	0	0	"TRUE"		"Irregular terpenes"	"Apocarotenoid"	"Aldehydes"				"4-hydroxy-2,6,6-trimethyl-3-oxocyclohexene-1-carbaldehyde"	"InChI=1S/C10H14O3/c1-6-7(5-11)10(2,3)4-8(12)9(6)13/h5,8,12H,4H2,1-3H3"	"PNYLZZYIHSNTOD-UHFFFAOYSA-N"	"CC1=C(C(CC(C1=O)O)(C)C)C=O"	182.219	1	3	1	287	54.4	182.094	182.094	"NA"	0	13	0	1	0	0	0	"NA"	"NA"	"NA"	0.8	"NA"	"NA"	"NA"	"NA"	"NA"	"NA"
84825	"15186-51-3"	"3-methyl-2-(3-methylbut-2-enyl)furan"	9.37	80	0.003	42	"FALSE"	"FALSE"	8	8	0	0	225124	225124	9567	9567	142168	142168	0.068	0.068	0	0	0.00402	0.00402	"Inf"	0.00402	0.00402	"Inf"	"TRUE"	"TRUE"	0.013	0.014	0.008	0.008	"TRUE"	"rosefuran"	"Monoterpenes"	"Menthanes"	"Hydrocarbons"				"3-methyl-2-(3-methylbut-2-enyl)furan"	"InChI=1S/C10H14O/c1-8(2)4-5-10-9(3)6-7-11-10/h4,6-7H,5H2,1-3H3"	"UTSGPHXOHJSDBC-UHFFFAOYSA-N"	"CC1=C(OC=C1)CC=C(C)C"	150.221	0	1	2	145	13.1	150.104	150.104	"NA"	0	11	0	0	0	0	0	"NA"	"NA"	"NA"	3.3	"NA"	"NA"	"NA"	"NA"	"NA"	"NA"
5364919	"1576-95-0"	"(Z)-pent-2-en-1-ol"	3.66	78.5	8.469	92	"FALSE"	"FALSE"	10	10	0	0	197162	197162	5707	5707	34228	34228	0.085	0.085	0	0	0.00999	0.00999	"Inf"	0.00999	0.00999	"Inf"	"TRUE"	"TRUE"	0.024	0.025	0.015	0.015	"TRUE"		"Aliphatics"	"C5"	"Alcohols"				"(~{Z})-pent-2-en-1-ol"	"InChI=1S/C5H10O/c1-2-3-4-5-6/h3-4,6H,2,5H2,1H3/b4-3-"	"BTSIZIIPFNVMHF-ARJAWSKDSA-N"	"CCC=CCO"	86.134	1	1	2	39.2	20.2	86.073	86.073	"NA"	0	6	0	0	1	0	0	"NA"	"NA"	"NA"	0.9	"NA"	"NA"	"CC/C=C\CO"	"NA"	"NA"	"NA"
15394	"1629-58-9"	"pent-1-en-3-one"	3.28	78	0.03	1	"FALSE"	"FALSE"	5	5	0	0	2393319	2393319	50102	50102	791820	791820	0.042	0.042	0	0	0.03	0.03	"Inf"	0.03	0.03	"Inf"	"TRUE"	"TRUE"	0.054	0.058	0.035	0.036	"TRUE"		"Aliphatics"	"C5"	"Ketones"				"pent-1-en-3-one"	"InChI=1S/C5H8O/c1-3-5(6)4-2/h3H,1,4H2,2H3"	"JLIDVCMBCGBIEY-UHFFFAOYSA-N"	"CCC(=O)C=C"	84.118	0	1	2	64.3	17.1	84.058	84.058	"NA"	0	6	0	0	0	0	0	"NA"	"NA"	"NA"	1	"NA"	"NA"	"NA"	"NA"	"NA"	"NA"
519387	"17301-29-0"	"3,7-dimethylundecane"	13.01	83	6.149	52	"FALSE"	"FALSE"	9	9	0	0	294089	294089	6678	6678	35611	35611	0.076	0.076	0	0	0.0165	0.0165	"Inf"	0.0165	0.0165	"Inf"	"TRUE"	"TRUE"	0.034	0.036	0.021	0.022	"TRUE"		"Aliphatics"	"C11"	"Alkanes"				"3,7-dimethylundecane"	"InChI=1S/C13H28/c1-5-7-9-13(4)11-8-10-12(3)6-2/h12-13H,5-11H2,1-4H3"	"QQWXDSCYXKZATG-UHFFFAOYSA-N"	"CCCCC(C)CCCC(C)CC"	184.367	0	0	8	96.2	0	184.219	184.219	"NA"	0	13	0	2	0	0	0	"NA"	"NA"	"NA"	6.7	"NA"	"NA"	"NA"	"NA"	"NA"	"NA"
519405	"17312-83-3"	"5,7-dimethylundecane"	12.35	85	16.441	14	"FALSE"	"FALSE"	14	14	0	1	270474	270474	13787	13787	92102	92102	0.119	0.119	0	0.026	0.000605	0.0177	"Inf"	0.000605	0.0177	"Inf"	"TRUE"	"TRUE"	0.002	0.037	0.001	0.022	"TRUE"		"Aliphatics"	"C11"	"Alkanes"				"5,7-dimethylundecane"	"InChI=1S/C13H28/c1-5-7-9-12(3)11-13(4)10-8-6-2/h12-13H,5-11H2,1-4H3"	"AMMTZOCUKBWLJL-UHFFFAOYSA-N"	"CCCCC(C)CC(C)CCCC"	184.367	0	0	8	84.2	0	184.219	184.219	"NA"	0	13	0	2	0	0	0	"NA"	"NA"	"NA"	6.7	"NA"	"NA"	"NA"	"NA"	"NA"	"NA"
5283316	"18829-55-5"	"hept-2-enal"	6.92	83	0.021	69	"FALSE"	"FALSE"	18	18	0	0	274775	274775	15346	15346	82354	82354	0.153	0.153	0	0	0.000132	0.000132	"Inf"	0.000132	0.000132	"Inf"	"TRUE"	"TRUE"	0.001	0.001	0	0	"TRUE"		"Aliphatics"	"C7"	"Aldehydes"				"(~{E})-hept-2-enal"	"InChI=1S/C7H12O/c1-2-3-4-5-6-7-8/h5-7H,2-4H2,1H3/b6-5+"	"NDFKTBCGKNOHPJ-AATRIKPKSA-N"	"CCCCC=CC=O"	112.172	0	1	4	74.5	17.1	112.089	112.089	"NA"	0	8	0	0	1	0	0	"NA"	"NA"	"NA"	2.1	"NA"	"NA"	"CCCC/C=C/C=O"	"NA"	"NA"	"NA"
545611	"192823-15-7"	"2,3,5,8-tetramethyldecane"	12.38	81.5	1.723	135	"FALSE"	"FALSE"	5	5	0	0	312759	312759	8405	8405	204528	204528	0.042	0.042	0	0	0.0195	0.0195	"Inf"	0.0195	0.0195	"Inf"	"TRUE"	"TRUE"	0.039	0.039	0.024	0.024	"TRUE"		"Aliphatics"	"C10"	"Alkanes"				"2,3,5,8-tetramethyldecane"	"InChI=1S/C14H30/c1-7-12(4)8-9-13(5)10-14(6)11(2)3/h11-14H,7-10H2,1-6H3"	"XTIADNINQBIUNR-UHFFFAOYSA-N"	"CCC(C)CCC(C)CC(C)C(C)C"	198.394	0	0	7	126	0	198.235	198.235	6.6	0	14	0	3	0	0	0	"NA"	1318	"NA"	"NA"	"NA"	"NA"	"NA"	"NA"	"NA"	"NA"
6427110	"19945-61-0"	"(3E)-4,8-dimethylnona-1,3,7-triene"	9.71	82	0.037	58	"FALSE"	"FALSE"	26	26	1	0	1595956	1595956	105612	105612	326089	326089	0.22	0.22	0.063	0	0.00055	6.97E-05	10.5	0.00055	6.97E-05	10.5	"TRUE"	"TRUE"	0.002	0.001	0.001	0	"TRUE"	"DMNT"	"Irregular terpenes"	"C11"	"Hydrocarbons"	107	32	20	"(3~{E})-4,8-dimethylnona-1,3,7-triene"	"InChI=1S/C11H18/c1-5-7-11(4)9-6-8-10(2)3/h5,7-8H,1,6,9H2,2-4H3/b11-7+"	"LUKZREJJLWEWQM-YRNVUSSQSA-N"	"CC(=CCCC(=CC=C)C)C"	150.265	0	0	4	167	0	150.141	150.141	"NA"	0	11	0	0	1	0	0	"NA"	"NA"	"NA"	4.6	"NA"	"NA"	"CC(=CCC/C(=C/C=C)/C)C"	"NA"	"NA"	"NA"
30181	"20547-99-3"	"2,2,6-trimethylcyclohexane-1,4-dione"	10.59	87	0.034	48	"FALSE"	"FALSE"	34	34	0	0	1072626	1072626	75422	75422	196199	196199	0.288	0.288	0	0	4.88E-06	4.88E-06	"Inf"	4.88E-06	4.88E-06	"Inf"	"TRUE"	"TRUE"	0	0	0	0	"TRUE"	"2,2,6-trimethyl-1,4-cyclohexanedione"	"Irregular terpenes"	"Apocarotenoid"	"Ketones"	4	3	3	"2,2,6-trimethylcyclohexane-1,4-dione"	"InChI=1S/C9H14O2/c1-6-4-7(10)5-9(2,3)8(6)11/h6H,4-5H2,1-3H3"	"HVHHZSFNAYSPSA-UHFFFAOYSA-N"	"CC1CC(=O)CC(C1=O)(C)C"	154.209	0	2	0	204	34.1	154.099	154.099	"NA"	0	11	0	1	0	0	0	"NA"	"NA"	"NA"	0.9	"NA"	"NA"	"NA"	"NA"	"NA"	"NA"
16665	"2216-34-4"	"4-methyloctane"	5.89	84	9.327	23	"FALSE"	"FALSE"	11	11	0	0	170839	170839	5232	5232	30511	30511	0.093	0.093	0	0	0.00462	0.00462	"Inf"	0.00462	0.00462	"Inf"	"TRUE"	"TRUE"	0.014	0.015	0.009	0.009	"TRUE"		"Aliphatics"	"C8"	"Alkanes"				"4-methyloctane"	"InChI=1S/C9H20/c1-4-6-8-9(3)7-5-2/h9H,4-8H2,1-3H3"	"DOGIHOCMZJUJNR-UHFFFAOYSA-N"	"CCCCC(C)CCC"	128.259	0	0	5	48	0	128.157	128.157	"NA"	0	9	0	1	0	0	0	"NA"	"NA"	"NA"	4.8	"NA"	"NA"	"NA"	"NA"	"NA"	"NA"
5364409	"2396-77-2"	"methyl (E)-hex-2-enoate"	7.1	83	0.035	120	"FALSE"	"FALSE"	10	10	0	0	187910	187910	7100	7100	78997	78997	0.085	0.085	0	0	0.0033	0.0033	"Inf"	0.0033	0.0033	"Inf"	"TRUE"	"TRUE"	0.011	0.012	0.007	0.007	"TRUE"	"methyl (e)-2-hexenoate"	"Aliphatics"	"C6"	"Esters"	2	1	1	"methyl (~{E})-hex-2-enoate"	"InChI=1S/C7H12O2/c1-3-4-5-6-7(8)9-2/h5-6H,3-4H2,1-2H3/b6-5+"	"GFUGBRNILVVWIE-AATRIKPKSA-N"	"CCCC=CC(=O)OC"	128.171	0	2	4	106	26.3	128.084	128.084	"NA"	0	9	0	0	1	0	0	"NA"	966	"NA"	1.9	"NA"	"NA"	"CCC/C=C/C(=O)OC"	"NA"	"NA"	"NA"
17014	"2415-72-7"	"propylcyclopropane"	5.31	89	0.83	34	"FALSE"	"FALSE"	29	29	0	0	807718	807718	52103	52103	142385	142385	0.246	0.246	0	0	2.19E-05	2.19E-05	"Inf"	2.19E-05	2.19E-05	"Inf"	"TRUE"	"TRUE"	0	0	0	0	"TRUE"		"Aliphatics"	"C3"	"Alkanes"				"propylcyclopropane"	"InChI=1S/C6H12/c1-2-3-6-4-5-6/h6H,2-5H2,1H3"	"MWVPQZRIWVPJCA-UHFFFAOYSA-N"	"CCCC1CC1"	84.162	0	0	2	35.3	0	84.094	84.094	"NA"	0	6	0	0	0	0	0	"NA"	"NA"	"NA"	3	"NA"	"NA"	"NA"	"NA"	"NA"	"NA"
17095	"2437-56-1"	"tridec-1-ene"	13.85	90.5	0.263	5	"FALSE"	"FALSE"	12	12	0	0	177943	177943	11519	11519	113553	113553	0.102	0.102	0	0	0.000309	0.000309	"Inf"	0.000309	0.000309	"Inf"	"TRUE"	"TRUE"	0.002	0.002	0.001	0.001	"TRUE"	"1-tridecene"	"Aliphatics"	"C13"	"Alkenes"	5	4	4	"tridec-1-ene"	"InChI=1S/C13H26/c1-3-5-7-9-11-13-12-10-8-6-4-2/h3H,1,4-13H2,2H3"	"VQOXUMQBYILCKR-UHFFFAOYSA-N"	"CCCCCCCCCCCC=C"	182.351	0	0	10	94.2	0	182.203	182.203	7.3	0	13	0	0	0	0	0	"NA"	"NA"	"NA"	"NA"	"NA"	"NA"	"NA"	"NA"	"NA"	"NA"
520267	"26456-76-8"	"3,5,5-trimethylhex-2-ene"	7.24	79	0.016	5	"FALSE"	"FALSE"	40	40	0	0	2821566	2821566	119630	119630	164880	164880	0.339	0.339	0	0	0.000128	0.000128	"Inf"	0.000128	0.000128	"Inf"	"TRUE"	"TRUE"	0.001	0.001	0	0	"TRUE"		"Aliphatics"	"C6"	"Alkenes"				"3,5,5-trimethylhex-2-ene"	"InChI=1S/C9H18/c1-6-8(2)7-9(3,4)5/h6H,7H2,1-5H3"	"MXAFMRHRWMAVRM-UHFFFAOYSA-N"	"CC=C(C)CC(C)(C)C"	126.243	0	0	2	102	0	126.141	126.141	"NA"	0	9	0	0	0	1	0	"NA"	"NA"	"NA"	3.9	"NA"	"NA"	"NA"	"NA"	"NA"	"NA"
141396	"28115-85-7"	"unknown benzenoid"	11.22	79	1.881	5	"FALSE"	"FALSE"	56	56	0	4	7258351	7258351	549053	549053	515067	515067	0.475	0.475	0	0.103	8.99E-07	0.000717	"Inf"	8.99E-07	0.000717	"Inf"	"TRUE"	"TRUE"	0	0.003	0	0.002	"TRUE"		"Benzenoids"						"2-methylbenzoyl isothiocyanate"	"InChI=1S/C9H7NOS/c1-7-4-2-3-5-8(7)9(11)10-6-12/h2-5H,1H3"	"RBNGRYSMNUHYCW-UHFFFAOYSA-N"	"CC1=CC=CC=C1C(=O)N=C=S"	177.221	0	2	1	221	61.5	177.025	177.025	4.2	0	12	0	0	0	0	0	"NA"	"NA"	"NA"	"NA"	"NA"	"NA"	"NA"	"NA"	"NA"	"NA"
119838	"28564-83-2"	"3,5-dihydroxy-6-methyl-2,3-dihydropyran-4-one"	10.27	87	0.054	93	"FALSE"	"FALSE"	14	14	2	1	1837913	1837913	65637	65637	349985	349985	0.119	0.119	0.125	0.026	0.0231	0.00414	5.37	0.0231	0.00414	5.37	"TRUE"	"TRUE"	0.044	0.014	0.027	0.008	"TRUE"		"Irregular terpenes"	"Apocarotenoid"	"Ketones"				"3,5-dihydroxy-6-methyl-2,3-dihydropyran-4-one"	"InChI=1S/C6H8O4/c1-3-5(8)6(9)4(7)2-10-3/h4,7-8H,2H2,1H3"	"VOLMSPGWNYJHQQ-UHFFFAOYSA-N"	"CC1=C(C(=O)C(CO1)O)O"	144.126	2	4	0	194	66.8	144.042	144.042	"NA"	0	10	0	1	0	0	0	"NA"	"NA"	"NA"	-0.4	"NA"	"NA"	"NA"	"NA"	"NA"	"NA"
520420	"2918-13-0"	"hept-1-en-3-one"	7.27	76.5	0.002	47	"FALSE"	"FALSE"	9	9	0	0	368008	368008	10986	10986	93184	93184	0.076	0.076	0	0	0.00657	0.00657	"Inf"	0.00657	0.00657	"Inf"	"TRUE"	"TRUE"	0.017	0.017	0.01	0.01	"TRUE"		"Aliphatics"	"C7"	"Ketones"				"hept-1-en-3-one"	"InChI=1S/C7H12O/c1-3-5-6-7(8)4-2/h4H,2-3,5-6H2,1H3"	"OYLCUJRJCUXQBQ-UHFFFAOYSA-N"	"CCCCC(=O)C=C"	112.172	0	1	4	84.4	17.1	112.089	112.089	"NA"	0	8	0	0	0	0	0	856	"NA"	"NA"	1.9	"NA"	"NA"	"NA"	"NA"	"NA"	"NA"
566657	"3008-40-0"	"cyclopentane-1,2-dione"	6.36	91.5	0.047	27	"FALSE"	"FALSE"	19	19	1	1	5367373	5367373	215655	215655	611884	611884	0.161	0.161	0.063	0.026	0.0133	0.00515	5.73	0.0133	0.00515	5.73	"TRUE"	"TRUE"	0.029	0.016	0.018	0.009	"TRUE"		"Aliphatics"	"C5"	"Ketones"				"cyclopentane-1,2-dione"	"InChI=1S/C5H6O2/c6-4-2-1-3-5(4)7/h1-3H2"	"CIISBNCSMVCNIP-UHFFFAOYSA-N"	"C1CC(=O)C(=O)C1"	98.101	0	2	0	101	34.1	98.037	98.037	-0.4	0	7	0	0	0	0	0	"NA"	"NA"	1741.6	"NA"	"NA"	"NA"	"NA"	"NA"	"NA"	"NA"
5352543	"31501-11-8"	"[(Z)-hex-3-enyl] hexanoate"	13.67	90	0.017	29	"FALSE"	"FALSE"	16	16	0	0	424221	424221	19191	19191	116750	116750	0.136	0.136	0	0	0.000584	0.000584	"Inf"	0.000584	0.000584	"Inf"	"TRUE"	"TRUE"	0.002	0.003	0.001	0.002	"TRUE"	"(z)-3-hexenyl hexanoate"	"Aliphatics"	"C6"	"Esters"	3	3	3	"[(~{Z})-hex-3-enyl] hexanoate"	"InChI=1S/C12H22O2/c1-3-5-7-9-11-14-12(13)10-8-6-4-2/h5,7H,3-4,6,8-11H2,1-2H3/b7-5-"	"RGACQXBDYBCJCY-ALCCZGGFSA-N"	"CCCCCC(=O)OCCC=CCC"	198.306	0	2	9	162	26.3	198.162	198.162	"NA"	0	14	0	0	1	0	0	"NA"	"NA"	"NA"	3.8	"NA"	"NA"	"CCCCCC(=O)OCC/C=C\CC"	"NA"	"NA"	"NA"
5365587	"33467-73-1"	"[(Z)-hex-3-enyl] formate"	5.05	84	0	50	"FALSE"	"FALSE"	7	7	0	0	229834	229834	6675	6675	87776	87776	0.059	0.059	0	0	0.011	0.011	"Inf"	0.011	0.011	"Inf"	"TRUE"	"TRUE"	0.025	0.026	0.015	0.016	"TRUE"	"(z)-3-hexenyl formate"	"Aliphatics"	"C1"	"Esters"	2	1	1	"[(~{Z})-hex-3-enyl] formate"	"InChI=1S/C7H12O2/c1-2-3-4-5-6-9-7-8/h3-4,7H,2,5-6H2,1H3/b4-3-"	"XJHQVZQZUGLZLS-ARJAWSKDSA-N"	"CCC=CCCOC=O"	128.171	0	2	5	86.9	26.3	128.084	128.084	"NA"	0	9	0	0	1	0	0	"NA"	920	"NA"	1.9	"NA"	"NA"	"CC/C=C\CCOC=O"	"NA"	"NA"	"NA"
18827	"3391-86-4"	"oct-1-en-3-ol"	7.45	92	0.118	27	"FALSE"	"FALSE"	118	118	2	0	77785916	77785916	6008023	6008023	2454049	2454049	1	1	0.125	0	1.09E-10	1.04E-10	850.7	1.09E-10	1.04E-10	850.7	"TRUE"	"TRUE"	0	0	0	0	"TRUE"	"1-octen-3-ol"	"Aliphatics"	"C8"	"Alcohols"	26	13	9	"oct-1-en-3-ol"	"InChI=1S/C8H16O/c1-3-5-6-7-8(9)4-2/h4,8-9H,2-3,5-7H2,1H3"	"VSMOENVRRABVKN-UHFFFAOYSA-N"	"CCCCCC(C=C)O"	128.215	1	1	5	69	20.2	128.12	128.12	"NA"	0	9	0	1	0	0	0	"NA"	"NA"	"NA"	2.6	"NA"	"NA"	"NA"	"NA"	"NA"	"NA"
549336	"33933-72-1"	"linalool oxide (pyranoid) ketone"	9.72	93	0.035	29	"FALSE"	"FALSE"	105	105	5	8	63134879	63134879	11368179	11368179	9196353	9196353	0.89	0.89	0.313	0.205	1.96E-16	1.83E-16	339.98	1.96E-16	1.83E-16	339.98	"TRUE"	"TRUE"	0	0	0	0	"TRUE"	"2,2,6-trimethyl-6-ethenyl-4,5-dihydro-3-pyranone"	"Monoterpenes"	"Acyclic"	"Ethers"	8	3	3	"6-ethenyl-2,2,6-trimethyloxan-3-one"	"InChI=1S/C10H16O2/c1-5-10(4)7-6-8(11)9(2,3)12-10/h5H,1,6-7H2,2-4H3"	"ATQPZCOAQSYTPR-UHFFFAOYSA-N"	"CC1(C(=O)CCC(O1)(C)C=C)C"	168.236	0	2	1	218	26.3	168.115	168.115	"NA"	0	12	0	1	0	0	0	"NA"	"NA"	"NA"	1.4	"NA"	"NA"	"NA"	"NA"	"NA"	"NA"
5363388	"3681-71-8"	"[(Z)-hex-3-enyl] acetate"	7.78	95	0.051	7	"FALSE"	"FALSE"	7	7	0	0	4628181	4628181	63114	63114	468472	468472	0.059	0.059	0	0	0.0617	0.0617	"Inf"	0.0617	0.0617	"Inf"	"TRUE"	"TRUE"	0.082	0.086	0.063	0.065	"TRUE"	"(z)-3-hexenyl acetate"	"Aliphatics"	"C2"	"Esters"	121	37	19	"[(~{Z})-hex-3-enyl] acetate"	"InChI=1S/C8H14O2/c1-3-4-5-6-7-10-8(2)9/h4-5H,3,6-7H2,1-2H3/b5-4-"	"NPFVOOAXDOBMCE-PLNGDYQASA-N"	"CCC=CCCOC(=O)C"	142.198	0	2	5	116	26.3	142.099	142.099	"NA"	0	10	0	0	1	0	0	"NA"	"NA"	"NA"	1.9	"NA"	"NA"	"CC/C=C\CCOC(=O)C"	"NA"	"NA"	"NA"
5281553	"3779-61-1"	"(E)-β-ocimene"	8.43	85	0.043	22	"FALSE"	"FALSE"	10	10	0	0	261703	261703	8520	8520	75627	75627	0.085	0.085	0	0	0.00343	0.00343	"Inf"	0.00343	0.00343	"Inf"	"TRUE"	"TRUE"	0.011	0.012	0.007	0.007	"TRUE"	"ocimene"	"Monoterpenes"	"Acyclic"	"Hydrocarbons"	38	12	9	"(3~{E})-3,7-dimethylocta-1,3,6-triene"	"InChI=1S/C10H16/c1-5-10(4)8-6-7-9(2)3/h5,7-8H,1,6H2,2-4H3/b10-8+"	"IHPKGUQCSIINRJ-CSKARUKUSA-N"	"CC(=CCC=C(C)C=C)C"	136.238	0	0	3	155	0	136.125	136.125	4.3	0	10	0	0	1	0	0	"NA"	"NA"	"NA"	"NA"	"NA"	"NA"	"CC(=CC/C=C(\C)/C=C)C"	"NA"	"NA"	"NA"
6427788	"39028-58-5"	"linalool oxide (pyranoid)"	10.8	93	0.028	73	"FALSE"	"FALSE"	80	80	2	3	72900841	72900841	7060692	7060692	4225987	4225987	0.678	0.678	0.125	0.077	5.13E-09	5.06E-09	851.64	5.13E-09	5.06E-09	851.64	"TRUE"	"TRUE"	0	0	0	0	"TRUE"	"(e)-linalool oxide (pyranoid)"	"Monoterpenes"	"Acyclic"	"Ethers"	21	13	9	"(3~{R},6~{S})-6-ethenyl-2,2,6-trimethyloxan-3-ol"	"InChI=1S/C10H18O2/c1-5-10(4)7-6-8(11)9(2,3)12-10/h5,8,11H,1,6-7H2,2-4H3/t8-,10-/m1/s1"	"BCTBAGTXFYWYMW-PSASIEDQSA-N"	"CC1(C(CCC(O1)(C)C=C)O)C"	170.252	1	2	1	186	29.5	170.131	170.131	"NA"	0	12	2	0	0	0	0	"NA"	"NA"	"NA"	1.4	"NA"	"NA"	"C[C@]1(CC[C@H](C(O1)(C)C)O)C=C"	"NA"	"NA"	"NA"
5367474	"40087-61-4"	"(3E,5E)-octa-1,3,5-triene"	5.42	90	0.019	12	"FALSE"	"FALSE"	9	9	0	0	304708	304708	10203	10203	105169	105169	0.076	0.076	0	0	0.00561	0.00561	"Inf"	0.00561	0.00561	"Inf"	"TRUE"	"TRUE"	0.015	0.016	0.009	0.009	"TRUE"	"fucoserratene"	"Aliphatics"	"C8"	"Alkenes"				"(3~{E},5~{E})-octa-1,3,5-triene"	"InChI=1S/C8H12/c1-3-5-7-8-6-4-2/h3,5-8H,1,4H2,2H3/b7-5+,8-6+"	"HOXGZVUCAYFWGR-KQQUZDAGSA-N"	"CCC=CC=CC=C"	108.184	0	0	3	96.6	0	108.094	108.094	3.8	0	8	0	0	2	0	0	"NA"	"NA"	"NA"	"NA"	"NA"	"NA"	"CC/C=C/C=C/C=C"	"NA"	"NA"	"NA"
92984	"4316-65-8"	"3,5,5-trimethylhex-1-ene"	7.19	80	7.362	44	"FALSE"	"FALSE"	8	8	0	0	1265505	1265505	16778	16778	96166	96166	0.068	0.068	0	0	0.0663	0.0663	"Inf"	0.0663	0.0663	"Inf"	"TRUE"	"TRUE"	0.088	0.092	0.066	0.069	"TRUE"		"Aliphatics"	"C6"	"Alkenes"				"3,5,5-trimethylhex-1-ene"	"InChI=1S/C9H18/c1-6-8(2)7-9(3,4)5/h6,8H,1,7H2,2-5H3"	"JTXUVHFRSRTSAT-UHFFFAOYSA-N"	"CC(CC(C)(C)C)C=C"	126.243	0	0	3	84.7	0	126.141	126.141	"NA"	0	9	0	1	0	0	0	"NA"	"NA"	"NA"	3.9	"NA"	"NA"	"NA"	"NA"	"NA"	"NA"
20449	"4412-91-3"	"furan-3-ylmethanol"	5.3	84	0.09	43	"FALSE"	"FALSE"	16	16	0	1	8005774	8005774	122439	122439	193585	193585	0.136	0.136	0	0.026	0.0455	0.0474	"Inf"	0.0455	0.0474	"Inf"	"TRUE"	"TRUE"	0.069	0.074	0.048	0.052	"TRUE"		"Aliphatics"	"C5"	"Furans"				"furan-3-ylmethanol"	"InChI=1S/C5H6O2/c6-3-5-1-2-7-4-5/h1-2,4,6H,3H2"	"STJIISDMSMJQQK-UHFFFAOYSA-N"	"C1=COC=C1CO"	98.101	1	2	1	54	33.4	98.037	98.037	0.3	0	7	0	0	0	0	0	835	"NA"	"NA"	"NA"	"NA"	"NA"	"NA"	"NA"	"NA"	"NA"
643139	"4440-65-7"	"(E)-hex-3-enal"	4	87	0.015	59	"FALSE"	"FALSE"	34	34	0	0	1530548	1530548	138094	138094	411824	411824	0.288	0.288	0	0	5.96E-07	5.96E-07	"Inf"	5.96E-07	5.96E-07	"Inf"	"TRUE"	"TRUE"	0	0	0	0	"TRUE"		"Aliphatics"	"C6"	"Aldehydes"				"(~{E})-hex-3-enal"	"InChI=1S/C6H10O/c1-2-3-4-5-6-7/h3-4,6H,2,5H2,1H3/b4-3+"	"GXANMBISFKBPEX-ONEGZZNKSA-N"	"CCC=CCC=O"	98.145	0	1	3	64.6	17.1	98.073	98.073	"NA"	0	7	0	0	1	0	0	"NA"	"NA"	"NA"	1.1	"NA"	"NA"	"CC/C=C/CC=O"	"NA"	"NA"	"NA"
9855795	"4630-07-3"	"valencene"	14.26	77	0.062	74	"FALSE"	"FALSE"	5	5	0	0	290118	290118	4729	4729	69583	69583	0.042	0.042	0	0	0.0425	0.0425	"Inf"	0.0425	0.0425	"Inf"	"TRUE"	"TRUE"	0.067	0.069	0.045	0.047	"TRUE"	"valencene"	"Sesquiterpenes"	"Cyclic"	"Hydrocarbons"	5	3	3	"(3~{R},4~{a}~{S},5~{R})-4~{a},5-dimethyl-3-prop-1-en-2-yl-2,3,4,5,6,7-hexahydro-1~{H}-naphthalene"	"InChI=1S/C15H24/c1-11(2)13-8-9-14-7-5-6-12(3)15(14,4)10-13/h7,12-13H,1,5-6,8-10H2,2-4H3/t12-,13-,15+/m1/s1"	"QEBNYNLSCGVZOH-NFAWXSAZSA-N"	"CC1CCC=C2C1(CC(CC2)C(=C)C)C"	204.357	0	0	1	297	0	204.188	204.188	"NA"	0	15	3	0	0	0	0	"NA"	"NA"	"NA"	5.2	"NA"	"NA"	"C[C@@H]1CCC=C2[C@]1(C[C@@H](CC2)C(=C)C)C"	"NA"	"NA"	"NA"
10327	"496-14-0"	"1,3-dihydro-2-benzofuran"	11.17	79	0.004	5	"FALSE"	"FALSE"	8	8	0	0	10858847	10858847	293869	293869	3124053	3124053	0.068	0.068	0	0	0.0188	0.0188	"Inf"	0.0188	0.0188	"Inf"	"TRUE"	"TRUE"	0.038	0.039	0.023	0.023	"TRUE"		"Benzenoids"	"C6-C2"	"Furans"				"1,3-dihydro-2-benzofuran"	"InChI=1S/C8H8O/c1-2-4-8-6-9-5-7(8)3-1/h1-4H,5-6H2"	"SFLGSKRGOWRGBR-UHFFFAOYSA-N"	"C1C2=CC=CC=C2CO1"	120.151	0	1	0	88.7	9.2	120.058	120.058	1.8	0	9	0	0	0	0	0	"NA"	"NA"	"NA"	"NA"	"NA"	"NA"	"NA"	"NA"	"NA"	"NA"
5352331	"53398-84-8"	"[(E)-hex-3-enyl] butanoate"	10.79	86.5	0.428	41	"FALSE"	"FALSE"	12	12	0	0	984097	984097	25029	25029	156831	156831	0.102	0.102	0	0	0.01	0.01	"Inf"	0.01	0.01	"Inf"	"TRUE"	"TRUE"	0.024	0.025	0.015	0.015	"TRUE"		"Aliphatics"	"C4"	"Esters"				"[(~{E})-hex-3-enyl] butanoate"	"InChI=1S/C10H18O2/c1-3-5-6-7-9-12-10(11)8-4-2/h5-6H,3-4,7-9H2,1-2H3/b6-5+"	"ZCHOPXVYTWUHDS-AATRIKPKSA-N"	"CCCC(=O)OCCC=CCC"	170.252	0	2	7	139	26.3	170.131	170.131	"NA"	0	12	0	0	1	0	0	"NA"	"NA"	"NA"	2.7	"NA"	"NA"	"CCCC(=O)OCC/C=C/CC"	"NA"	1175	"NA"
68316	"539-52-6"	"3-(4-methylpent-3-enyl)furan"	9.43	82.5	0.002	126	"FALSE"	"FALSE"	17	17	0	0	339639	339639	20482	20482	137580	137580	0.144	0.144	0	0	0.000338	0.000338	"Inf"	0.000338	0.000338	"Inf"	"TRUE"	"TRUE"	0.002	0.002	0.001	0.001	"TRUE"	"perillene"	"Monoterpenes"	"Menthanes"	"Hydrocarbons"	20	10	9	"3-(4-methylpent-3-enyl)furan"	"InChI=1S/C10H14O/c1-9(2)4-3-5-10-6-7-11-8-10/h4,6-8H,3,5H2,1-2H3"	"XNGKCOFXDHYSGR-UHFFFAOYSA-N"	"CC(=CCCC1=COC=C1)C"	150.221	0	1	3	134	13.1	150.104	150.104	"NA"	0	11	0	0	0	0	0	"NA"	"NA"	"NA"	3.2	"NA"	"NA"	"NA"	"NA"	"NA"	"NA"
551285	"54166-32-4"	"2,6,6-trimethyloctane"	12.25	83	3.647	9	"FALSE"	"FALSE"	5	5	0	1	188994	188994	4510	4510	99166	99166	0.042	0.042	0	0.026	0.0225	0.077	"Inf"	0.0225	0.077	"Inf"	"TRUE"	"TRUE"	0.043	0.104	0.027	0.079	"TRUE"		"Aliphatics"	"C8"	"Alkanes"				"2,6,6-trimethyloctane"	"InChI=1S/C11H24/c1-6-11(4,5)9-7-8-10(2)3/h10H,6-9H2,1-5H3"	"RUPXAIGHLDMSOL-UHFFFAOYSA-N"	"CCC(C)(C)CCCC(C)C"	156.313	0	0	5	90.2	0	156.188	156.188	"NA"	0	11	0	0	0	0	0	"NA"	"NA"	"NA"	5.4	"NA"	"NA"	"NA"	"NA"	"NA"	"NA"
639662	"592-77-8"	"(E)-hept-2-ene"	5.35	79	0.006	23	"FALSE"	"FALSE"	5	5	0	0	351379	351379	5248	5248	95665	95665	0.042	0.042	0	0	0.0527	0.0527	"Inf"	0.0527	0.0527	"Inf"	"TRUE"	"TRUE"	0.075	0.078	0.054	0.056	"TRUE"		"Aliphatics"	"C7"	"Alkenes"				"(~{E})-hept-2-ene"	"InChI=1S/C7H14/c1-3-5-7-6-4-2/h3,5H,4,6-7H2,1-2H3/b5-3+"	"OTTZHAVKAVGASB-HWKANZROSA-N"	"CCCCC=CC"	98.189	0	0	3	44	0	98.11	98.11	"NA"	0	7	0	0	1	0	0	"NA"	"NA"	"NA"	3.2	"NA"	"NA"	"CCCC/C=C/C"	"NA"	"NA"	"NA"
574367	"5926-95-4"	"3H-pyran-2,6-dione"	7.63	86	1.563	67	"FALSE"	"FALSE"	15	15	0	1	795690	795690	38810	38810	236597	236597	0.127	0.127	0	0.026	0.000669	0.00166	"Inf"	0.000669	0.00166	"Inf"	"TRUE"	"TRUE"	0.003	0.007	0.002	0.004	"TRUE"		"Aliphatics"	"C5"	"Ketones"				"3~{H}-pyran-2,6-dione"	"InChI=1S/C5H4O3/c6-4-2-1-3-5(7)8-4/h1-2H,3H2"	"SYIUWAVTBADRJG-UHFFFAOYSA-N"	"C1C=CC(=O)OC1=O"	112.084	0	3	0	157	43.4	112.016	112.016	"NA"	0	8	0	0	0	0	0	"NA"	"NA"	2427	0.1	"NA"	"NA"	"NA"	"NA"	"NA"	"NA"
22310	"5989-33-3"	"linalool oxide (furanoid)"	9.28	94	0.034	118	"FALSE"	"FALSE"	82	82	0	0	44428248	44428248	3878664	3878664	2272340	2272340	0.695	0.695	0	0	3.17E-09	3.17E-09	"Inf"	3.17E-09	3.17E-09	"Inf"	"TRUE"	"TRUE"	0	0	0	0	"TRUE"	"epoxylinalool"	"Monoterpenes"	"Acyclic"	"Ethers"	1	1	1	"2-(5-ethenyl-5-methyloxolan-2-yl)propan-2-ol"	"InChI=1S/C10H18O2/c1-5-10(4)7-6-8(12-10)9(2,3)11/h5,8,11H,1,6-7H2,2-4H3"	"BRHDDEIRQPDPMG-UHFFFAOYSA-N"	"CC1(CCC(O1)C(C)(C)O)C=C"	170.252	1	2	2	186	29.5	170.131	170.131	"NA"	0	12	0	2	0	0	0	"NA"	"NA"	"NA"	1.4	"NA"	"NA"	"NA"	"NA"	"NA"	"NA"
12210	"624-42-0"	"6-methylheptan-3-one"	8.06	83	0.081	43	"FALSE"	"FALSE"	11	11	0	0	357378	357378	13129	13129	69532	69532	0.093	0.093	0	0	0.00571	0.00571	"Inf"	0.00571	0.00571	"Inf"	"TRUE"	"TRUE"	0.015	0.016	0.009	0.009	"TRUE"	"6-methyl-3-heptanone"	"Aliphatics"	"C7"	"Ketones"	1	1	1	"6-methylheptan-3-one"	"InChI=1S/C8H16O/c1-4-8(9)6-5-7(2)3/h7H,4-6H2,1-3H3"	"CCCIYAQYQZQDIZ-UHFFFAOYSA-N"	"CCC(=O)CCC(C)C"	128.215	0	1	4	84.6	17.1	128.12	128.12	"NA"	0	9	0	0	0	0	0	"NA"	941	"NA"	2	"NA"	"NA"	"NA"	"NA"	"NA"	"NA"
12217	"624-54-4"	"pentyl propanoate"	7.25	79	0.088	27	"FALSE"	"FALSE"	14	14	0	0	126645	126645	6675	6675	52990	52990	0.119	0.119	0	0	0.000495	0.000495	"Inf"	0.000495	0.000495	"Inf"	"TRUE"	"TRUE"	0.002	0.002	0.001	0.001	"TRUE"		"Aliphatics"	"C3"	"Esters"				"pentyl propanoate"	"InChI=1S/C8H16O2/c1-3-5-6-7-10-8(9)4-2/h3-7H2,1-2H3"	"TWSRVQVEYJNFKQ-UHFFFAOYSA-N"	"CCCCCOC(=O)CC"	144.214	0	2	6	89.3	26.3	144.115	144.115	2.4	0	10	0	0	0	0	0	"NA"	"NA"	"NA"	"NA"	"NA"	"NA"	"NA"	"NA"	"NA"	"NA"
12296	"626-89-1"	"4-methylpentan-1-ol"	4.73	84	0.026	17	"FALSE"	"FALSE"	17	17	0	0	136451	136451	9823	9823	65515	65515	0.144	0.144	0	0	0.00017	0.00017	"Inf"	0.00017	0.00017	"Inf"	"TRUE"	"TRUE"	0.001	0.001	0.001	0.001	"TRUE"	"4-methylpentanol"	"Aliphatics"	"C5"	"Alcohols"	2	2	2	"4-methylpentan-1-ol"	"InChI=1S/C6H14O/c1-6(2)4-3-5-7/h6-7H,3-5H2,1-2H3"	"PCWGTDULNUVNBN-UHFFFAOYSA-N"	"CC(C)CCCO"	102.177	1	1	3	33.2	20.2	102.104	102.104	"NA"	0	7	0	0	0	0	0	"NA"	"NA"	"NA"	1.6	"NA"	"NA"	"NA"	"NA"	"NA"	"NA"
6184	"66-25-1"	"hexanal"	4.02	94	0.367	17	"FALSE"	"FALSE"	118	118	12	6	3463016	3463016	795294	795294	633035	633035	1	1	0.75	0.154	9.52E-10	1.34E-24	4.11	9.52E-10	1.34E-24	4.11	"TRUE"	"TRUE"	0	0	0	0	"TRUE"	"hexanal"	"Aliphatics"	"C6"	"Aldehydes"	55	20	15	"hexanal"	"InChI=1S/C6H12O/c1-2-3-4-5-6-7/h6H,2-5H2,1H3"	"JARKCYVAAOWBJS-UHFFFAOYSA-N"	"CCCCCC=O"	100.161	0	1	4	41.4	17.1	100.089	100.089	1.8	0	7	0	0	0	0	0	"NA"	"NA"	"NA"	"NA"	"NA"	"NA"	"NA"	"NA"	"NA"	"NA"
5281168	"6728-26-3"	"(E)-hex-2-enal"	4.99	91	0.025	42	"FALSE"	"FALSE"	51	51	0	0	1059543	1059543	122820	122820	209378	209378	0.432	0.432	0	0	2.36E-09	2.36E-09	"Inf"	2.36E-09	2.36E-09	"Inf"	"TRUE"	"TRUE"	0	0	0	0	"TRUE"	"2-hexenal"	"Aliphatics"	"C6"	"Aldehydes"	6	2	2	"(~{E})-hex-2-enal"	"InChI=1S/C6H10O/c1-2-3-4-5-6-7/h4-6H,2-3H2,1H3/b5-4+"	"MBDOYVRWFFCFHM-SNAWJCMRSA-N"	"CCCC=CC=O"	98.145	0	1	3	64.6	17.1	98.073	98.073	"NA"	0	7	0	0	1	0	0	"NA"	"NA"	"NA"	1.5	"NA"	"NA"	"CCC/C=C/C=O"	"NA"	"NA"	"NA"
12748	"693-95-8"	"4-methyl-1,3-thiazole"	8.07	80	0.005	17	"FALSE"	"FALSE"	9	9	0	0	263965	263965	7497	7497	80116	80116	0.076	0.076	0	0	0.00542	0.00542	"Inf"	0.00542	0.00542	"Inf"	"TRUE"	"TRUE"	0.015	0.016	0.009	0.009	"TRUE"		"Aliphatics"	"C4"	"Thiazoles"				"4-methyl-1,3-thiazole"	"InChI=1S/C4H5NS/c1-4-2-6-3-5-4/h2-3H,1H3"	"QMHIMXFNBOYPND-UHFFFAOYSA-N"	"CC1=CSC=N1"	99.151	0	2	0	46.8	41.1	99.014	99.014	1	0	6	0	0	0	0	0	"NA"	"NA"	"NA"	"NA"	"NA"	"NA"	"NA"	"NA"	"NA"	"NA"
529513	"72237-36-6"	"hex-4-enyl acetate"	7.83	92	0.014	12	"FALSE"	"FALSE"	16	16	0	0	1732879	1732879	32859	32859	146654	146654	0.136	0.136	0	0	0.0176	0.0176	"Inf"	0.0176	0.0176	"Inf"	"TRUE"	"TRUE"	0.036	0.037	0.022	0.022	"TRUE"		"Aliphatics"	"C2"	"Esters"				"hex-4-enyl acetate"	"InChI=1S/C8H14O2/c1-3-4-5-6-7-10-8(2)9/h3-4H,5-7H2,1-2H3"	"SXIMDPDAXHQFFD-UHFFFAOYSA-N"	"CC=CCCCOC(=O)C"	142.198	0	2	5	116	26.3	142.099	142.099	"NA"	0	10	0	0	0	1	0	"NA"	"NA"	"NA"	1.8	"NA"	"NA"	"NA"	"NA"	"NA"	"NA"
5357258	"7642-10-6"	"hept-3-ene"	5.3	78	0.027	20	"FALSE"	"FALSE"	18	18	0	0	1309791	1309791	43492	43492	111339	111339	0.153	0.153	0	0	0.00363	0.00363	"Inf"	0.00363	0.00363	"Inf"	"TRUE"	"TRUE"	0.012	0.013	0.007	0.008	"TRUE"		"Aliphatics"	"C7"	"Alkenes"				"(~{Z})-hept-3-ene"	"InChI=1S/C7H14/c1-3-5-7-6-4-2/h5,7H,3-4,6H2,1-2H3/b7-5-"	"WZHKDGJSXCTSCK-ALCCZGGFSA-N"	"CCCC=CCC"	98.189	0	0	3	44	0	98.11	98.11	"NA"	0	7	0	0	1	0	0	"NA"	"NA"	"NA"	3.1	"NA"	"NA"	"CCC/C=C\CC"	"NA"	"NA"	"NA"
6549	"78-70-6"	"linalool"	9.44	82	0.036	140	"FALSE"	"FALSE"	34	34	0	0	1475430	1475430	89237	89237	147443	147443	0.288	0.288	0	0	8.61E-05	8.61E-05	"Inf"	8.61E-05	8.61E-05	"Inf"	"TRUE"	"TRUE"	0.001	0.001	0	0	"TRUE"	"linalool"	"Monoterpenes"	"Acyclic"	"Alcohols"	351	63	29	"3,7-dimethylocta-1,6-dien-3-ol"	"InChI=1S/C10H18O/c1-5-10(4,11)8-6-7-9(2)3/h5,7,11H,1,6,8H2,2-4H3"	"CDOSHBSSFJOMGT-UHFFFAOYSA-N"	"CC(=CCCC(C)(C=C)O)C"	154.253	1	1	4	154	20.2	154.136	154.136	"NA"	0	11	0	1	0	0	0	"NA"	"NA"	"NA"	2.7	"NA"	"NA"	"NA"	"NA"	"NA"	"NA"
13379	"871-83-0"	"2-methylnonane"	13.29	83.5	12.46	9	"FALSE"	"FALSE"	10	10	0	1	143865	143865	6877	6877	79487	79487	0.085	0.085	0	0.026	0.00213	0.0115	"Inf"	0.00213	0.0115	"Inf"	"TRUE"	"TRUE"	0.008	0.027	0.005	0.016	"TRUE"		"Aliphatics"	"C9"	"Alkanes"				"2-methylnonane"	"InChI=1S/C10H22/c1-4-5-6-7-8-9-10(2)3/h10H,4-9H2,1-3H3"	"SGVYKUFIHHTIFL-UHFFFAOYSA-N"	"CCCCCCCC(C)C"	142.286	0	0	6	55.1	0	142.172	142.172	"NA"	0	10	0	0	0	0	0	"NA"	"NA"	960.5	5.3	"NA"	"NA"	"NA"	"NA"	"NA"	"NA"
13381	"872-05-9"	"dec-1-ene"	13.87	83	0.449	36	"FALSE"	"FALSE"	7	7	0	0	122467	122467	3107	3107	45684	45684	0.059	0.059	0	0	0.0108	0.0108	"Inf"	0.0108	0.0108	"Inf"	"TRUE"	"TRUE"	0.025	0.026	0.015	0.016	"TRUE"	"1-decene"	"Aliphatics"	"C10"	"Alkenes"	7	2	2	"dec-1-ene"	"InChI=1S/C10H20/c1-3-5-7-9-10-8-6-4-2/h3H,1,4-10H2,2H3"	"AFFLGGQVNFXPEV-UHFFFAOYSA-N"	"CCCCCCCCC=C"	140.27	0	0	7	64.4	0	140.157	140.157	5.7	0	10	0	0	0	0	0	"NA"	"NA"	"NA"	"NA"	"NA"	"NA"	"NA"	"NA"	"NA"	"NA"
5281167	"928-96-1"	"(Z)-hex-3-en-1-ol"	5.14	94	0.486	19	"FALSE"	"FALSE"	81	81	0	0	40801068	40801068	2714232	2714232	1476998	1476998	0.686	0.686	0	0	4.34E-07	4.34E-07	"Inf"	4.34E-07	4.34E-07	"Inf"	"TRUE"	"TRUE"	0	0	0	0	"TRUE"	"3-hexenol"	"Aliphatics"	"C6"	"Alcohols"	14	10	9	"(~{Z})-hex-3-en-1-ol"	"InChI=1S/C6H12O/c1-2-3-4-5-6-7/h3-4,7H,2,5-6H2,1H3/b4-3-"	"UFLHIIWVXFIJGU-ARJAWSKDSA-N"	"CCC=CCCO"	100.161	1	1	3	48.1	20.2	100.089	100.089	"NA"	0	7	0	0	1	0	0	"NA"	"NA"	"NA"	1.3	"NA"	"NA"	"CC/C=CCCO"	"NA"	"NA"	"NA"
60983	"96-04-8"	"heptane-2,3-dione"	4.7488	90	0.717213721015894	28.6307989690722	"FALSE"	"FALSE"	66	66	4	2	3218372.90762	3218372.90762	234484.129637684	234484.129637684	272983.8078775	272983.8078775	0.515625	0.515625	0.25	0.051282051282051	0.56008992531476	0.061786089091287	0.887272871436807	0.56008992531476	0.061786089091287	0.887272871436807	"TRUE"	"TRUE"	1	1	1	1	"FALSE"		"Aliphatics"	"C7"	"Ketones"				"heptane-2,3-dione"	"InChI=1S/C7H12O2/c1-3-4-5-7(9)6(2)8/h3-5H2,1-2H3"	"FJPGAMCQJNLTJC-UHFFFAOYSA-N"	"CCCCC(=O)C(=O)C"	128.171	0	2	4	116	34.1	128.084	128.084	"NA"	0	9	0	0	0	0	0	"NA"	"NA"	"NA"	1	"NA"	"NA"	"NA"	"NA"	"NA"	"NA"
7294	"96-33-3"	"methyl prop-2-enoate"	3.3	77	0.038	7	"FALSE"	"FALSE"	7	7	0	0	181697	181697	7300	7300	123114	123114	0.059	0.059	0	0	0.00539	0.00539	"Inf"	0.00539	0.00539	"Inf"	"TRUE"	"TRUE"	0.015	0.016	0.009	0.009	"TRUE"		"Aliphatics"	"C3"	"Esters"				"methyl prop-2-enoate"	"InChI=1S/C4H6O2/c1-3-4(5)6-2/h3H,1H2,2H3"	"BAPJBEWLBFYGME-UHFFFAOYSA-N"	"COC(=O)C=C"	86.09	0	2	2	65.9	26.3	86.037	86.037	0.8	0	6	0	0	0	0	0	"NA"	"NA"	"NA"	"NA"	"NA"	"NA"	"NA"	"NA"	"NA"	"NA"
7460	"99-83-2"	"α-phellandrene"	7.78	90	0.099	28	"FALSE"	"FALSE"	62	62	0	0	8537193	8537193	587573	587573	157677	157677	0.525	0.525	0	0	7.52E-05	7.52E-05	"Inf"	7.52E-05	7.52E-05	"Inf"	"TRUE"	"TRUE"	0.001	0.001	0	0	"TRUE"	"a-phellandrene"	"Monoterpenes"	"Menthanes"	"Hydrocarbons"	28	15	14	"2-methyl-5-propan-2-ylcyclohexa-1,3-diene"	"InChI=1S/C10H16/c1-8(2)10-6-4-9(3)5-7-10/h4-6,8,10H,7H2,1-3H3"	"OGLDWXZKYODSOB-UHFFFAOYSA-N"	"CC1=CCC(C=C1)C(C)C"	136.238	0	0	1	161	0	136.125	136.125	"NA"	0	10	0	1	0	0	0	"NA"	"NA"	"NA"	3.2	"NA"	"NA"	"NA"	"NA"	"NA"	"NA"
7463	"99-87-6"	"p-cymene"	8.14	89	0.111	74	"FALSE"	"FALSE"	41	41	1	1	2686895	2686895	148236	148236	168440	168440	0.347	0.347	0.063	0.026	0.000101	7.23E-05	33.01	0.000101	7.23E-05	33.01	"TRUE"	"TRUE"	0.001	0.001	0	0	"TRUE"	"p-cymene"	"Monoterpenes"	"Menthanes"	"Hydrocarbons"	87	32	23	"1-methyl-4-propan-2-ylbenzene"	"InChI=1S/C10H14/c1-8(2)10-6-4-9(3)5-7-10/h4-8H,1-3H3"	"HFPZCAJZSCWRBC-UHFFFAOYSA-N"	"CC1=CC=C(C=C1)C(C)C"	134.222	0	0	1	86.2	0	134.11	134.11	4.1	0	10	0	0	0	0	0	"NA"	"NA"	"NA"	"NA"	"NA"	"NA"	"NA"	"NA"	"NA"	"NA"
537453	"EPA-7965"	"epoxy-linalooloxide"	12.22	78	0.074	103	"FALSE"	"FALSE"	18	18	0	0	749551	749551	31521	31521	131250	131250	0.153	0.153	0	0	0.000919	0.000919	"Inf"	0.000919	0.000919	"Inf"	"TRUE"	"TRUE"	0.004	0.004	0.002	0.002	"TRUE"		"Monoterpenes"	"Acyclic"	"Ethers"				"4-(3,3-dimethyloxiran-2-yl)-2-(oxiran-2-yl)butan-2-ol"	"InChI=1S/C10H18O3/c1-9(2)7(13-9)4-5-10(3,11)8-6-12-8/h7-8,11H,4-6H2,1-3H3"	"WNUGGHMAJKRDQE-UHFFFAOYSA-N"	"CC1(C(O1)CCC(C)(C2CO2)O)C"	186.251	1	3	4	214	45.3	186.126	186.126	"NA"	0	13	0	3	0	0	0	"NA"	"NA"	"NA"	0.5	"NA"	"NA"	"NA"	"NA"	"NA"	"NA"
